"variable_id","variable_label_rus","full_level"
"ID","Идентификатор респондента",""
"year","Год",""
"IVDur","Длительность интервью (сек.)",""
"Q2001","Федеральный округ","1: Центральный ФО"
"Q2001","Федеральный округ","2: Северо-Западный ФО"
"Q2001","Федеральный округ","3: Приволжский ФО"
"Q2001","Федеральный округ","4: Южный ФО"
"Q2001","Федеральный округ","5: Северо-Кавказский ФО"
"Q2001","Федеральный округ","6: Уральский ФО"
"Q2001","Федеральный округ","7: Сибирский ФО"
"Q2001","Федеральный округ","8: Дальневосточный ФО"
"Q2001","Федеральный округ","9: Не определён"
"Q1005","В каком регионе Вы живете — как называется край, область, республика?","1: Алтайский край"
"Q1005","В каком регионе Вы живете — как называется край, область, республика?","2: Амурская область"
"Q1005","В каком регионе Вы живете — как называется край, область, республика?","3: Архангельская область"
"Q1005","В каком регионе Вы живете — как называется край, область, республика?","4: Астраханская область"
"Q1005","В каком регионе Вы живете — как называется край, область, республика?","5: Белгородская область"
"Q1005","В каком регионе Вы живете — как называется край, область, республика?","6: Брянская область"
"Q1005","В каком регионе Вы живете — как называется край, область, республика?","7: Владимирская область"
"Q1005","В каком регионе Вы живете — как называется край, область, республика?","8: Волгоградская область"
"Q1005","В каком регионе Вы живете — как называется край, область, республика?","9: Вологодская область"
"Q1005","В каком регионе Вы живете — как называется край, область, республика?","10: Воронежская область"
"Q1005","В каком регионе Вы живете — как называется край, область, республика?","11: г. Москва"
"Q1005","В каком регионе Вы живете — как называется край, область, республика?","12: г. Санкт-Петербург"
"Q1005","В каком регионе Вы живете — как называется край, область, республика?","13: г. Севастополь"
"Q1005","В каком регионе Вы живете — как называется край, область, республика?","14: Донецкая Народная Республика"
"Q1005","В каком регионе Вы живете — как называется край, область, республика?","15: Еврейская автономная область"
"Q1005","В каком регионе Вы живете — как называется край, область, республика?","16: Забайкальский край"
"Q1005","В каком регионе Вы живете — как называется край, область, республика?","17: Запорожская область"
"Q1005","В каком регионе Вы живете — как называется край, область, республика?","18: Ивановская область"
"Q1005","В каком регионе Вы живете — как называется край, область, республика?","19: Иркутская область"
"Q1005","В каком регионе Вы живете — как называется край, область, республика?","20: Кабардино-Балкарская Республика"
"Q1005","В каком регионе Вы живете — как называется край, область, республика?","21: Калининградская область"
"Q1005","В каком регионе Вы живете — как называется край, область, республика?","22: Калужская область"
"Q1005","В каком регионе Вы живете — как называется край, область, республика?","23: Камчатский край"
"Q1005","В каком регионе Вы живете — как называется край, область, республика?","24: Карачаево-Черкесская Республика"
"Q1005","В каком регионе Вы живете — как называется край, область, республика?","25: Кемеровская область"
"Q1005","В каком регионе Вы живете — как называется край, область, республика?","26: Кировская область"
"Q1005","В каком регионе Вы живете — как называется край, область, республика?","27: Костромская область"
"Q1005","В каком регионе Вы живете — как называется край, область, республика?","28: Краснодарский край"
"Q1005","В каком регионе Вы живете — как называется край, область, республика?","29: Красноярский край"
"Q1005","В каком регионе Вы живете — как называется край, область, республика?","30: Курганская область"
"Q1005","В каком регионе Вы живете — как называется край, область, республика?","31: Курская область"
"Q1005","В каком регионе Вы живете — как называется край, область, республика?","32: Ленинградская область"
"Q1005","В каком регионе Вы живете — как называется край, область, республика?","33: Липецкая область"
"Q1005","В каком регионе Вы живете — как называется край, область, республика?","34: Луганская Народная Республика"
"Q1005","В каком регионе Вы живете — как называется край, область, республика?","35: Магаданская область"
"Q1005","В каком регионе Вы живете — как называется край, область, республика?","36: Московская область"
"Q1005","В каком регионе Вы живете — как называется край, область, республика?","37: Мурманская область"
"Q1005","В каком регионе Вы живете — как называется край, область, республика?","38: Ненецкий автономный округ"
"Q1005","В каком регионе Вы живете — как называется край, область, республика?","39: Нет данных"
"Q1005","В каком регионе Вы живете — как называется край, область, республика?","40: Нижегородская область"
"Q1005","В каком регионе Вы живете — как называется край, область, республика?","41: Новгородская область"
"Q1005","В каком регионе Вы живете — как называется край, область, республика?","42: Новосибирская область"
"Q1005","В каком регионе Вы живете — как называется край, область, республика?","43: Омская область"
"Q1005","В каком регионе Вы живете — как называется край, область, республика?","44: Оренбургская область"
"Q1005","В каком регионе Вы живете — как называется край, область, республика?","45: Орловская область"
"Q1005","В каком регионе Вы живете — как называется край, область, республика?","46: Пензенская область"
"Q1005","В каком регионе Вы живете — как называется край, область, республика?","47: Пермский край"
"Q1005","В каком регионе Вы живете — как называется край, область, республика?","48: Приморский край"
"Q1005","В каком регионе Вы живете — как называется край, область, республика?","49: Псковская область"
"Q1005","В каком регионе Вы живете — как называется край, область, республика?","50: Республика Адыгея"
"Q1005","В каком регионе Вы живете — как называется край, область, республика?","51: Республика Алтай"
"Q1005","В каком регионе Вы живете — как называется край, область, республика?","52: Республика Башкортостан"
"Q1005","В каком регионе Вы живете — как называется край, область, республика?","53: Республика Бурятия"
"Q1005","В каком регионе Вы живете — как называется край, область, республика?","54: Республика Дагестан"
"Q1005","В каком регионе Вы живете — как называется край, область, республика?","55: Республика Ингушетия"
"Q1005","В каком регионе Вы живете — как называется край, область, республика?","56: Республика Калмыкия"
"Q1005","В каком регионе Вы живете — как называется край, область, республика?","57: Республика Карелия"
"Q1005","В каком регионе Вы живете — как называется край, область, республика?","58: Республика Коми"
"Q1005","В каком регионе Вы живете — как называется край, область, республика?","59: Республика Крым"
"Q1005","В каком регионе Вы живете — как называется край, область, республика?","60: Республика Марий Эл"
"Q1005","В каком регионе Вы живете — как называется край, область, республика?","61: Республика Мордовия"
"Q1005","В каком регионе Вы живете — как называется край, область, республика?","62: Республика Саха (Якутия)"
"Q1005","В каком регионе Вы живете — как называется край, область, республика?","63: Республика Северная Осетия-Алания"
"Q1005","В каком регионе Вы живете — как называется край, область, республика?","64: Республика Татарстан"
"Q1005","В каком регионе Вы живете — как называется край, область, республика?","65: Республика Тыва"
"Q1005","В каком регионе Вы живете — как называется край, область, республика?","66: Республика Хакасия"
"Q1005","В каком регионе Вы живете — как называется край, область, республика?","67: Ростовская область"
"Q1005","В каком регионе Вы живете — как называется край, область, республика?","68: Рязанская область"
"Q1005","В каком регионе Вы живете — как называется край, область, республика?","69: Самарская область"
"Q1005","В каком регионе Вы живете — как называется край, область, республика?","70: Саратовская область"
"Q1005","В каком регионе Вы живете — как называется край, область, республика?","71: Сахалинская область"
"Q1005","В каком регионе Вы живете — как называется край, область, республика?","72: Свердловская область"
"Q1005","В каком регионе Вы живете — как называется край, область, республика?","73: Смоленская область"
"Q1005","В каком регионе Вы живете — как называется край, область, республика?","74: Ставропольский край"
"Q1005","В каком регионе Вы живете — как называется край, область, республика?","75: Тамбовская область"
"Q1005","В каком регионе Вы живете — как называется край, область, республика?","76: Тверская область"
"Q1005","В каком регионе Вы живете — как называется край, область, республика?","77: Томская область"
"Q1005","В каком регионе Вы живете — как называется край, область, республика?","78: Тульская область"
"Q1005","В каком регионе Вы живете — как называется край, область, республика?","79: Тюменская область"
"Q1005","В каком регионе Вы живете — как называется край, область, республика?","80: Удмуртская Республика"
"Q1005","В каком регионе Вы живете — как называется край, область, республика?","81: Ульяновская область"
"Q1005","В каком регионе Вы живете — как называется край, область, республика?","82: Хабаровский край"
"Q1005","В каком регионе Вы живете — как называется край, область, республика?","83: Ханты-Мансийский автономный округ-Югра"
"Q1005","В каком регионе Вы живете — как называется край, область, республика?","84: Херсонская область"
"Q1005","В каком регионе Вы живете — как называется край, область, республика?","85: Челябинская область"
"Q1005","В каком регионе Вы живете — как называется край, область, республика?","86: Чеченская Республика"
"Q1005","В каком регионе Вы живете — как называется край, область, республика?","87: Чувашская Республика"
"Q1005","В каком регионе Вы живете — как называется край, область, республика?","88: Чукотский автономный округ"
"Q1005","В каком регионе Вы живете — как называется край, область, республика?","89: Ямало-Ненецкий автономный округ"
"Q1005","В каком регионе Вы живете — как называется край, область, республика?","90: Ярославская область"
"region_iso","Регион (кодировка ISO)",""
"Q2003","Тип населенного пункта","1: города 1 млн и более"
"Q2003","Тип населенного пункта","2: города от 250 тыс. до 1 млн"
"Q2003","Тип населенного пункта","3: города от 50 до 250 тыс."
"Q2003","Тип населенного пункта","4: города менее 50 тыс., ПГТ"
"Q2003","Тип населенного пункта","5: сельский населенный пункт"
"Q2003","Тип населенного пункта","6: нет данных"
"Q1","Пол","1: Женский"
"Q1","Пол","2: Мужской"
"Q2","Скажите, пожалуйста, сколько вам полных лет?",""
"Q75","Вспомните, пожалуйста, было ли такое, что вас обокрали, вас побили, вам угрожали, вы стали жертвой насилия, мошенничества или других преступлений в России за последние 5 лет?","1: Да"
"Q75","Вспомните, пожалуйста, было ли такое, что вас обокрали, вас побили, вам угрожали, вы стали жертвой насилия, мошенничества или других преступлений в России за последние 5 лет?","2: Нет"
"Q75","Вспомните, пожалуйста, было ли такое, что вас обокрали, вас побили, вам угрожали, вы стали жертвой насилия, мошенничества или других преступлений в России за последние 5 лет?","3: Затрудняюсь ответить"
"Q75_1N","Сколько всего подобных случаев произошло с Вами за последние 5 лет?",""
"Q76","А за последние 12 месяцев  такие случаи бывали?","1: Да"
"Q76","А за последние 12 месяцев  такие случаи бывали?","2: Нет"
"Q76","А за последние 12 месяцев  такие случаи бывали?","3: Затрудняюсь ответить"
"Q76_1N","Сколько всего подобных случаев произошло с Вами за последние 12 месяцев?",""
"Q5_1T","Описание преступления",""
"Q66","Можно ли сказать, что в Вашем случае преступление произошло через телефон / интернет (например, злоумышленники Вам звонили или писали с просьбой перевести им деньги) или к Вашему случаю это неприменимо?","1: Да, через телефон или интернет"
"Q66","Можно ли сказать, что в Вашем случае преступление произошло через телефон / интернет (например, злоумышленники Вам звонили или писали с просьбой перевести им деньги) или к Вашему случаю это неприменимо?","2: Нет, не через телефон или интернет"
"Q66","Можно ли сказать, что в Вашем случае преступление произошло через телефон / интернет (например, злоумышленники Вам звонили или писали с просьбой перевести им деньги) или к Вашему случаю это неприменимо?","3: Затрудняюсь ответить"
"Q661","Можно ли сказать, что в Вашем случае преступление произошло через телефонный звонок?","1: Да, через телефонный звонок"
"Q661","Можно ли сказать, что в Вашем случае преступление произошло через телефонный звонок?","2: Нет, не через телефонный звонок"
"Q661","Можно ли сказать, что в Вашем случае преступление произошло через телефонный звонок?","3: Затрудняюсь ответить"
"Q662","Можно ли сказать, что преступление произошло через интернет?","1: Да, через интернет"
"Q662","Можно ли сказать, что преступление произошло через интернет?","2: Нет, не через интернет"
"Q662","Можно ли сказать, что преступление произошло через интернет?","3: Затрудняюсь ответить"
"Q14","Где произошло преступление?","1: В автомобиле"
"Q14","Где произошло преступление?","2: В закрытом учреждении (армия, больница, ИК и т.д.)"
"Q14","Где произошло преступление?","3: В подъезде или во дворе"
"Q14","Где произошло преступление?","4: Дача"
"Q14","Где произошло преступление?","5: Дом или квартира знакомых или родственников"
"Q14","Где произошло преступление?","6: Квартира или дом"
"Q14","Где произошло преступление?","7: На природе, в лесу или парке"
"Q14","Где произошло преступление?","8: На работе или на учебе (школа, университет, детский сад, техникум)"
"Q14","Где произошло преступление?","9: На транспорте (в такси, на вокзале, в поезде, самолёте)"
"Q14","Где произошло преступление?","10: На улице, дороге, парковке"
"Q14","Где произошло преступление?","11: Невозможно сказать (напр., украли деньги с банковской карты)"
"Q14","Где произошло преступление?","12: Общественные здания (магазины, кафе, банки, поликлиники)"
"Q18","Были ли в этот момент рядом с вами другие люди?","1: Да"
"Q18","Были ли в этот момент рядом с вами другие люди?","2: Нет"
"Q18","Были ли в этот момент рядом с вами другие люди?","3: Затрудняюсь ответить"
"Q15","Это произошло в светлое или темное время суток?","1: Светлое"
"Q15","Это произошло в светлое или темное время суток?","2: Темное"
"Q15","Это произошло в светлое или темное время суток?","3: Затрудняюсь ответить"
"Q16","В каком примерно месяце это было?","1: Январь"
"Q16","В каком примерно месяце это было?","2: Февраль"
"Q16","В каком примерно месяце это было?","3: Март"
"Q16","В каком примерно месяце это было?","4: Апрель"
"Q16","В каком примерно месяце это было?","5: Май"
"Q16","В каком примерно месяце это было?","6: Июнь"
"Q16","В каком примерно месяце это было?","7: Июль"
"Q16","В каком примерно месяце это было?","8: Август"
"Q16","В каком примерно месяце это было?","9: Сентябрь"
"Q16","В каком примерно месяце это было?","10: Октябрь"
"Q16","В каком примерно месяце это было?","11: Ноябрь"
"Q16","В каком примерно месяце это было?","12: Декабрь"
"Q16","В каком примерно месяце это было?","13: Затрудняюсь ответить"
"Q77","А не могли бы примерно вспомнить, какое это было время года?","1: Зима"
"Q77","А не могли бы примерно вспомнить, какое это было время года?","2: Весна"
"Q77","А не могли бы примерно вспомнить, какое это было время года?","3: Лето"
"Q77","А не могли бы примерно вспомнить, какое это было время года?","4: Осень"
"Q77","А не могли бы примерно вспомнить, какое это было время года?","5: Затрудняюсь ответить"
"Q17","Можно ли сказать, что к преступлению привела Ваша оплошность?","1: Да"
"Q17","Можно ли сказать, что к преступлению привела Ваша оплошность?","2: Нет"
"Q17","Можно ли сказать, что к преступлению привела Ваша оплошность?","3: Затрудняюсь ответить"
"Q19_1","Материальный ущерб: Деньги наличные",""
"Q19_2","Материальный ущерб: Деньги с карты, счета и т.п.",""
"Q19_3","Материальный ущерб: Банковские карты и т.п.",""
"Q19_4","Материальный ущерб: Документы (паспорт)",""
"Q19_5","Материальный ущерб: Техника (например, телефон, ноутбук, пылесос, инструменты и т.п.)",""
"Q19_6","Материальный ущерб: Драгоценности и украшения",""
"Q19_7","Материальный ущерб: Транспортное средство (в том числе угон и запчасти)",""
"Q19_88","Материальный ущерб: Нет",""
"Q19_999","Материальный ущерб: Затрудняюсь ответить / не помню",""
"Q21","Какова была примерная сумма материального ущерба в рублях?","1: Затрудняюсь ответить"
"Q21","Какова была примерная сумма материального ущерба в рублях?","2: Названо число"
"Q21_1N","Какова была примерная сумма материального ущерба в рублях?",""
"Q221","Скажите, ваше имущество было повреждено/уничтожено или им просто завладел другой человек?","1: Повреждено/уничтожено"
"Q221","Скажите, ваше имущество было повреждено/уничтожено или им просто завладел другой человек?","2: Имуществом завладел другой человек"
"Q221","Скажите, ваше имущество было повреждено/уничтожено или им просто завладел другой человек?","3: Затрудняюсь ответить"
"Q22","Можно ли сказать, что вас обманули или ввели в заблуждение?","1: Да"
"Q22","Можно ли сказать, что вас обманули или ввели в заблуждение?","2: Нет"
"Q22","Можно ли сказать, что вас обманули или ввели в заблуждение?","3: Затрудняюсь ответить"
"Q23","Угрожали ли вам испортить или уничтожить имущество?","1: Да"
"Q23","Угрожали ли вам испортить или уничтожить имущество?","2: Нет"
"Q23","Угрожали ли вам испортить или уничтожить имущество?","3: Затрудняюсь ответить"
"Q24","Было ли к Вам применено физическое насилие?","1: Да"
"Q24","Было ли к Вам применено физическое насилие?","2: Нет"
"Q24","Было ли к Вам применено физическое насилие?","3: Затрудняюсь ответить"
"Q25_1","Использовалось ли что-либо в качестве оружия? Нет",""
"Q25_2","Использовалось ли что-либо в качестве оружия? Да, огнестрельное оружие или его аналоги",""
"Q25_3","Использовалось ли что-либо в качестве оружия? Да, холодное оружие, нож или что-то подобное",""
"Q26","Был ли Вам причинен какой-либо физический ущерб, телесные повреждения?","1: Нет"
"Q26","Был ли Вам причинен какой-либо физический ущерб, телесные повреждения?","2: Да, синяки или ссадины"
"Q26","Был ли Вам причинен какой-либо физический ущерб, телесные повреждения?","3: Да, повреждения серьёзнее, чем синяки или ссадины"
"Q30","Был ли у вас риск погибнуть в результате этого физического вреда?","1: Да"
"Q30","Был ли у вас риск погибнуть в результате этого физического вреда?","2: Нет"
"Q30","Был ли у вас риск погибнуть в результате этого физического вреда?","3: Затрудняюсь ответить"
"Q27","Нуждались ли вы в медицинской помощи?","1: Да"
"Q27","Нуждались ли вы в медицинской помощи?","2: Нет"
"Q27","Нуждались ли вы в медицинской помощи?","3: Затрудняюсь ответить"
"Q28","Обращались ли вы в медицинское учреждение?","1: Да"
"Q28","Обращались ли вы в медицинское учреждение?","2: Нет"
"Q28","Обращались ли вы в медицинское учреждение?","3: Затрудняюсь ответить"
"Q29","Получили ли вы в результате этого случая инвалидность?","1: Да"
"Q29","Получили ли вы в результате этого случая инвалидность?","2: Нет"
"Q29","Получили ли вы в результате этого случая инвалидность?","3: Затрудняюсь ответить"
"Q31","Оказывали ли вы сопротивление преступнику?","1: Да"
"Q31","Оказывали ли вы сопротивление преступнику?","2: Нет"
"Q31","Оказывали ли вы сопротивление преступнику?","3: Затрудняюсь ответить"
"Q33","Угрожали ли вам в этой ситуации физическим насилием?","1: Да"
"Q33","Угрожали ли вам в этой ситуации физическим насилием?","2: Нет"
"Q33","Угрожали ли вам в этой ситуации физическим насилием?","3: Затрудняюсь ответить"
"Q34","Угрожали ли вам оружием?","1: Да"
"Q34","Угрожали ли вам оружием?","2: Нет"
"Q34","Угрожали ли вам оружием?","3: Затрудняюсь ответить"
"Q32","Могли ли быть у злоумышленника сексуальные мотивы?","1: Да"
"Q32","Могли ли быть у злоумышленника сексуальные мотивы?","2: Нет"
"Q32","Могли ли быть у злоумышленника сексуальные мотивы?","3: Затрудняюсь ответить"
"Q6","В момент преступления вы разговаривали со злоумышленником?","1: Да"
"Q6","В момент преступления вы разговаривали со злоумышленником?","2: Нет"
"Q6","В момент преступления вы разговаривали со злоумышленником?","3: Затрудняюсь ответить"
"Q7","Злоумышленник был один?","1: Один"
"Q7","Злоумышленник был один?","2: Несколько"
"Q7","Злоумышленник был один?","3: Затрудняюсь ответить"
"Q8","Злоумышленник был мужчина или женщина?","1: Мужчина"
"Q8","Злоумышленник был мужчина или женщина?","2: Женщина"
"Q8","Злоумышленник был мужчина или женщина?","3: Затрудняюсь ответить"
"Q9","Были ли вы знакомы со злоумышленником?","1: Да"
"Q9","Были ли вы знакомы со злоумышленником?","2: Нет"
"Q9","Были ли вы знакомы со злоумышленником?","3: Затрудняюсь ответить"
"Q10","Кем злоумышленник Вам приходился?","1: Друг, подруга"
"Q10","Кем злоумышленник Вам приходился?","2: Другой знакомый"
"Q10","Кем злоумышленник Вам приходился?","3: Затрудняюсь ответить"
"Q10","Кем злоумышленник Вам приходился?","4: Коллега"
"Q10","Кем злоумышленник Вам приходился?","5: Незнакомец"
"Q10","Кем злоумышленник Вам приходился?","6: Родственник"
"Q10","Кем злоумышленник Вам приходился?","7: Сожитель"
"Q10","Кем злоумышленник Вам приходился?","8: Сосед или соседка"
"Q10","Кем злоумышленник Вам приходился?","9: Супруг или супруга"
"Q11","Можно ли сказать, что вы находились в зависимом положении от преступника (он был начальником, основным кормильцем или старшим родственником)?","1: Да"
"Q11","Можно ли сказать, что вы находились в зависимом положении от преступника (он был начальником, основным кормильцем или старшим родственником)?","2: Нет"
"Q11","Можно ли сказать, что вы находились в зависимом положении от преступника (он был начальником, основным кормильцем или старшим родственником)?","3: Затрудняюсь ответить"
"Q13","Был ли преступник или кто-нибудь из преступников в состоянии алкогольного или наркотического опьянения?","1: Да"
"Q13","Был ли преступник или кто-нибудь из преступников в состоянии алкогольного или наркотического опьянения?","2: Нет"
"Q13","Был ли преступник или кто-нибудь из преступников в состоянии алкогольного или наркотического опьянения?","3: Затрудняюсь ответить"
"Q39","Рассказывали ли вы кому-нибудь из близких о случившемся?","1: Да"
"Q39","Рассказывали ли вы кому-нибудь из близких о случившемся?","2: Нет"
"Q39","Рассказывали ли вы кому-нибудь из близких о случившемся?","3: Затрудняюсь ответить"
"Q40","Узнали ли о случившемся правоохранительные органы?","1: Да"
"Q40","Узнали ли о случившемся правоохранительные органы?","2: Нет"
"Q40","Узнали ли о случившемся правоохранительные органы?","3: Затрудняюсь ответить"
"Q46","В результате, они возбудили уголовное или административное дело?","1: Да"
"Q46","В результате, они возбудили уголовное или административное дело?","2: Нет"
"Q46","В результате, они возбудили уголовное или административное дело?","3: Затрудняюсь ответить"
"Q68","Дошло ли дело до суда?","1: Да"
"Q68","Дошло ли дело до суда?","2: Нет"
"Q68","Дошло ли дело до суда?","3: Дело еще в процессе"
"Q68","Дошло ли дело до суда?","4: Затрудняюсь ответить"
"Q47_1","Обращались ли Вы за помощью по поводу случившегося еще к кому-нибудь, кроме правоохранительных органов? В суд",""
"Q47_2","Обращались ли Вы за помощью по поводу случившегося еще к кому-нибудь, кроме правоохранительных органов? К адвокатам, юристам",""
"Q47_3","Обращались ли Вы за помощью по поводу случившегося еще к кому-нибудь, кроме правоохранительных органов? К знакомым, близким, друзьям",""
"Q47_4","Обращались ли Вы за помощью по поводу случившегося еще к кому-нибудь, кроме правоохранительных органов? К частным лицам (например, частные охранные структуры)",""
"Q47_5","Обращались ли Вы за помощью по поводу случившегося еще к кому-нибудь, кроме правоохранительных органов? К банку",""
"Q47_6","Обращались ли Вы за помощью по поводу случившегося еще к кому-нибудь, кроме правоохранительных органов? К бандитам или криминальным авторитетам",""
"Q47_888","Обращались ли Вы за помощью по поводу случившегося еще к кому-нибудь, кроме правоохранительных органов? Нет, не обращались ни к кому",""
"Q47_999","Обращались ли Вы за помощью по поводу случившегося еще к кому-нибудь, кроме правоохранительных органов? Затрудняюсь ответить / не помню",""
"Q49","Известен ли виновный или кто-либо из виновных, если их было несколько?","1: Да, виновный известен"
"Q49","Известен ли виновный или кто-либо из виновных, если их было несколько?","2: Нет, виновный неизвестен"
"Q49","Известен ли виновный или кто-либо из виновных, если их было несколько?","3: Дело еще в процессе"
"Q49","Известен ли виновный или кто-либо из виновных, если их было несколько?","4: Затрудняюсь ответить"
"Q50","Кем был найден виновный или кто-либо из виновных, если их было несколько?","1: Затрудняюсь ответить / другое"
"Q50","Кем был найден виновный или кто-либо из виновных, если их было несколько?","2: Знакомые, близкие, друзья, частные лица (частные охранные структуры), бандиты, криминальные авторитеты"
"Q50","Кем был найден виновный или кто-либо из виновных, если их было несколько?","3: Правоохранительные органы"
"Q50","Кем был найден виновный или кто-либо из виновных, если их было несколько?","4: Я сам, сама"
"Q51","Получил ли наказание виновный или кто-либо из виновных, если их было несколько?","1: Да"
"Q51","Получил ли наказание виновный или кто-либо из виновных, если их было несколько?","2: Нет"
"Q51","Получил ли наказание виновный или кто-либо из виновных, если их было несколько?","3: Дело еще в процессе"
"Q51","Получил ли наказание виновный или кто-либо из виновных, если их было несколько?","4: Затрудняюсь ответить"
"Q52","Примирились ли вы в суде с виновными?","1: Да"
"Q52","Примирились ли вы в суде с виновными?","2: Нет"
"Q52","Примирились ли вы в суде с виновными?","3: Затрудняюсь ответить"
"Q53","Добивались ли вы материальной компенсации? Если да, то удалось ли ее добиться полностью, частично или не удалось?","1: Не добивался"
"Q53","Добивались ли вы материальной компенсации? Если да, то удалось ли ее добиться полностью, частично или не удалось?","2: Добивался, но ничего не удалось"
"Q53","Добивались ли вы материальной компенсации? Если да, то удалось ли ее добиться полностью, частично или не удалось?","3: Добился частичной"
"Q53","Добивались ли вы материальной компенсации? Если да, то удалось ли ее добиться полностью, частично или не удалось?","4: Добился полной компенсации"
"Q53","Добивались ли вы материальной компенсации? Если да, то удалось ли ее добиться полностью, частично или не удалось?","5: Затрудняюсь ответить"
"Q54","Оказавшись снова в аналогичной ситуации, Вы, скорее всего, обратились бы в полицию?","1: Да"
"Q54","Оказавшись снова в аналогичной ситуации, Вы, скорее всего, обратились бы в полицию?","2: Нет"
"Q54","Оказавшись снова в аналогичной ситуации, Вы, скорее всего, обратились бы в полицию?","3: Затрудняюсь ответить"
"Q81","Сейчас хотели бы задать три вопроса о ваших ощущениях безопасности. Представьте, Вы идете в одиночестве после наступления темноты в районе, где Вы живете. Насколько безопасно Вы себя чувствуете в такой ситуации?","1: В относительной безопасности"
"Q81","Сейчас хотели бы задать три вопроса о ваших ощущениях безопасности. Представьте, Вы идете в одиночестве после наступления темноты в районе, где Вы живете. Насколько безопасно Вы себя чувствуете в такой ситуации?","2: В полной безопасности"
"Q81","Сейчас хотели бы задать три вопроса о ваших ощущениях безопасности. Представьте, Вы идете в одиночестве после наступления темноты в районе, где Вы живете. Насколько безопасно Вы себя чувствуете в такой ситуации?","3: Затрудняюсь ответить"
"Q81","Сейчас хотели бы задать три вопроса о ваших ощущениях безопасности. Представьте, Вы идете в одиночестве после наступления темноты в районе, где Вы живете. Насколько безопасно Вы себя чувствуете в такой ситуации?","4: Скорее не безопасно"
"Q81","Сейчас хотели бы задать три вопроса о ваших ощущениях безопасности. Представьте, Вы идете в одиночестве после наступления темноты в районе, где Вы живете. Насколько безопасно Вы себя чувствуете в такой ситуации?","5: Совсем не безопасно"
"Q82","Как часто вас беспокоит мысль о том, что Ваш дом или квартиру могут ограбить или обокрасть?","1: Довольно часто"
"Q82","Как часто вас беспокоит мысль о том, что Ваш дом или квартиру могут ограбить или обокрасть?","2: Затрудняюсь ответить"
"Q82","Как часто вас беспокоит мысль о том, что Ваш дом или квартиру могут ограбить или обокрасть?","3: Иногда, временами"
"Q82","Как часто вас беспокоит мысль о том, что Ваш дом или квартиру могут ограбить или обокрасть?","4: Никогда"
"Q82","Как часто вас беспокоит мысль о том, что Ваш дом или квартиру могут ограбить или обокрасть?","5: Постоянно или почти всегда"
"Q83","Как часто вас беспокоит мысль о том, что Вы можете стать жертвой нападения?","1: Довольно часто"
"Q83","Как часто вас беспокоит мысль о том, что Вы можете стать жертвой нападения?","2: Затрудняюсь ответить"
"Q83","Как часто вас беспокоит мысль о том, что Вы можете стать жертвой нападения?","3: Иногда, временами"
"Q83","Как часто вас беспокоит мысль о том, что Вы можете стать жертвой нападения?","4: Никогда"
"Q83","Как часто вас беспокоит мысль о том, что Вы можете стать жертвой нападения?","5: Постоянно или почти всегда"
"Q572","И несколько вопросов про ваше субъективное благополучие. Насколько Вы удовлетворены своей жизнью в целом в настоящее время? Ответьте по шкале от 1 до 10, где 1 – полностью НЕ удовлетворен, а 10 – Полностью удовлетворен:","1: 1"
"Q572","И несколько вопросов про ваше субъективное благополучие. Насколько Вы удовлетворены своей жизнью в целом в настоящее время? Ответьте по шкале от 1 до 10, где 1 – полностью НЕ удовлетворен, а 10 – Полностью удовлетворен:","2: 10"
"Q572","И несколько вопросов про ваше субъективное благополучие. Насколько Вы удовлетворены своей жизнью в целом в настоящее время? Ответьте по шкале от 1 до 10, где 1 – полностью НЕ удовлетворен, а 10 – Полностью удовлетворен:","3: 2"
"Q572","И несколько вопросов про ваше субъективное благополучие. Насколько Вы удовлетворены своей жизнью в целом в настоящее время? Ответьте по шкале от 1 до 10, где 1 – полностью НЕ удовлетворен, а 10 – Полностью удовлетворен:","4: 3"
"Q572","И несколько вопросов про ваше субъективное благополучие. Насколько Вы удовлетворены своей жизнью в целом в настоящее время? Ответьте по шкале от 1 до 10, где 1 – полностью НЕ удовлетворен, а 10 – Полностью удовлетворен:","5: 4"
"Q572","И несколько вопросов про ваше субъективное благополучие. Насколько Вы удовлетворены своей жизнью в целом в настоящее время? Ответьте по шкале от 1 до 10, где 1 – полностью НЕ удовлетворен, а 10 – Полностью удовлетворен:","6: 5"
"Q572","И несколько вопросов про ваше субъективное благополучие. Насколько Вы удовлетворены своей жизнью в целом в настоящее время? Ответьте по шкале от 1 до 10, где 1 – полностью НЕ удовлетворен, а 10 – Полностью удовлетворен:","7: 6"
"Q572","И несколько вопросов про ваше субъективное благополучие. Насколько Вы удовлетворены своей жизнью в целом в настоящее время? Ответьте по шкале от 1 до 10, где 1 – полностью НЕ удовлетворен, а 10 – Полностью удовлетворен:","8: 7"
"Q572","И несколько вопросов про ваше субъективное благополучие. Насколько Вы удовлетворены своей жизнью в целом в настоящее время? Ответьте по шкале от 1 до 10, где 1 – полностью НЕ удовлетворен, а 10 – Полностью удовлетворен:","9: 8"
"Q572","И несколько вопросов про ваше субъективное благополучие. Насколько Вы удовлетворены своей жизнью в целом в настоящее время? Ответьте по шкале от 1 до 10, где 1 – полностью НЕ удовлетворен, а 10 – Полностью удовлетворен:","10: 9"
"Q572","И несколько вопросов про ваше субъективное благополучие. Насколько Вы удовлетворены своей жизнью в целом в настоящее время? Ответьте по шкале от 1 до 10, где 1 – полностью НЕ удовлетворен, а 10 – Полностью удовлетворен:","11: Затрудняюсь ответить"
"Q78","Спасибо! Мы изучаем какие люди становятся или не становятся жертвами преступлений, поэтому так же просим ответить вас на вопросы общего характера. Скажите, Вы проживаете один/одна?","1: Один"
"Q78","Спасибо! Мы изучаем какие люди становятся или не становятся жертвами преступлений, поэтому так же просим ответить вас на вопросы общего характера. Скажите, Вы проживаете один/одна?","2: С кем-то"
"Q78","Спасибо! Мы изучаем какие люди становятся или не становятся жертвами преступлений, поэтому так же просим ответить вас на вопросы общего характера. Скажите, Вы проживаете один/одна?","3: Затрудняюсь ответить"
"Q79","Состоите ли Вы в браке?","1: Да, официальный супруг(-а)"
"Q79","Состоите ли Вы в браке?","2: Да, гражданский супруг(-а)"
"Q79","Состоите ли Вы в браке?","3: Нет"
"Q79","Состоите ли Вы в браке?","4: Затрудняюсь ответить"
"Q80","Сколько человек, считая вас, живет с вами вместе и ведет общее хозяйство?","1: Затрудняюсь ответить"
"Q80","Сколько человек, считая вас, живет с вами вместе и ведет общее хозяйство?","2: Размер домохозяйства"
"Q80_1N","Размер домохозяйства (число)",""
"Q571","Вы могли бы примерно назвать суммарный ежемесячный доход всех, с кем Вы живете и ведете общее хозяйство, включая вас?","1: Да"
"Q571","Вы могли бы примерно назвать суммарный ежемесячный доход всех, с кем Вы живете и ведете общее хозяйство, включая вас?","2: Нет"
"Q571","Вы могли бы примерно назвать суммарный ежемесячный доход всех, с кем Вы живете и ведете общее хозяйство, включая вас?","3: Затрудняюсь ответить"
"Q571_1N","Сумма (руб.)",""
"Q57","Как бы вы определили свой уровень дохода?","1: Едва сводим концы с концами, денег не хватает на продукты"
"Q57","Как бы вы определили свой уровень дохода?","2: На продукты хватает, на одежду нет"
"Q57","Как бы вы определили свой уровень дохода?","3: На продукты и одежду хватает, на технику и мебель нет"
"Q57","Как бы вы определили свой уровень дохода?","4: На технику и мебель хватает, на большее денег нет"
"Q57","Как бы вы определили свой уровень дохода?","5: Можем позволить автомобиль, но квартиру или дачу нет"
"Q57","Как бы вы определили свой уровень дохода?","6: Можем позволить себе практически все: квартиру и т.д."
"Q57","Как бы вы определили свой уровень дохода?","7: Затрудняюсь ответить"
"Q57","Как бы вы определили свой уровень дохода?","8: Отказ от ответа"
"Q58","У вас есть работа?","1: Да"
"Q58","У вас есть работа?","2: Нет"
"Q58","У вас есть работа?","3: Затрудняюсь ответить"
"Q69","Вы учитесь в настоящее время?","1: Да"
"Q69","Вы учитесь в настоящее время?","2: Нет"
"Q69","Вы учитесь в настоящее время?","3: Затрудняюсь ответить"
"Q70","Вы получаете пенсию от государства?","1: Да"
"Q70","Вы получаете пенсию от государства?","2: Нет"
"Q70","Вы получаете пенсию от государства?","3: Затрудняюсь ответить"
"Q71","Искали ли Вы работу в течение последних 12 месяцев?","1: Да"
"Q71","Искали ли Вы работу в течение последних 12 месяцев?","2: Нет"
"Q71","Искали ли Вы работу в течение последних 12 месяцев?","3: Затрудняюсь ответить"
"Q72","На работе Вы руководите другими людьми?","1: Да"
"Q72","На работе Вы руководите другими людьми?","2: Нет"
"Q72","На работе Вы руководите другими людьми?","3: Затрудняюсь ответить"
"Q73","Ваша работа связана с физическим трудом?","1: Да"
"Q73","Ваша работа связана с физическим трудом?","2: Нет"
"Q73","Ваша работа связана с физическим трудом?","3: Затрудняюсь ответить"
"Q61","Какое у вас образование?","1: Начальное или неполное среднее"
"Q61","Какое у вас образование?","2: Полное среднее"
"Q61","Какое у вас образование?","3: Среднее специальное, среднее техническое или начальное профессиональное"
"Q61","Какое у вас образование?","4: Неполное/незаконченное высшее образование (не менее 3-х лет обучения в ВУЗе)"
"Q61","Какое у вас образование?","5: Высшее"
"Q61","Какое у вас образование?","6: Затрудняюсь ответить"
"Q64","Есть ли среди Ваших знакомых работники правоохранительных органов или Вы сами там работаете или работали?","1: Нет"
"Q64","Есть ли среди Ваших знакомых работники правоохранительных органов или Вы сами там работаете или работали?","2: Сам работал(-ю) или есть среди знакомых"
"Q64","Есть ли среди Ваших знакомых работники правоохранительных органов или Вы сами там работаете или работали?","3: Затрудняюсь ответить"
"Q65","Привлекались ли Вы сами когда-нибудь к уголовной ответственности?","1: Да"
"Q65","Привлекались ли Вы сами когда-нибудь к уголовной ответственности?","2: Нет"
"Q65","Привлекались ли Вы сами когда-нибудь к уголовной ответственности?","3: Затрудняюсь ответить"
"resp_is_crime_victim","Был ли респондент жертвой преступления?",""
"resp_is_male","Респондент мужского пола?",""
"resp_age","Возраст",""
"Age_Groups","Возрастная группа","1: 18-24"
"Age_Groups","Возрастная группа","2: 25-34"
"Age_Groups","Возрастная группа","3: 35-49"
"Age_Groups","Возрастная группа","4: 50-64"
"Age_Groups","Возрастная группа","5: 65+"
"resp_is_living_alone","Респондент живёт один?",""
"resp_is_married","Респондент в официальном или гражданском браке?",""
"resp_household_size","Размер домохозяйства респондента (после винсоризации на ур. 99% и медианной импутации)",""
"resp_household_income","Суммарный месячный доход домохозяйства респондента (после винсоризации на ур. 99%)",""
"resp_mean_household_income","Усреднённый доход члена домохозяйства респондента",""
"resp_edu","Образование респондента","1: Полное среднее и ниже"
"resp_edu","Образование респондента","2: Среднее спец-ное/техническое или нач-ное профес-ное"
"resp_edu","Образование респондента","3: Высшее и незаконченное высшее"
"resp_is_enforcers_familiar","Респондент или его/ее знакомые - (бывшие) сотрудники правоохранительных органов?",""
"resp_is_crime_record","Привлекался ли респондент к уголовной отвественности?",""
"resp_ses_is_employed","СЭС: работает в настоящее время",""
"resp_ses_is_student","СЭС: учится в настоящее время",""
"resp_ses_is_pensioner","СЭС: достиг(ла) пенсионного возраста",""
"resp_ses_is_welfare","СЭС: получает пенсию, пособие от государства",""
"resp_ses_is_looked_for_job","СЭС: искал(а) работу в последние 12 месяцев",""
"resp_ses_job_is_manager","СЭС: работает руководителем",""
"resp_ses_job_is_manual","СЭС: физическая работа",""
"resp_ses","Социально-экономический статус (сгруппированный)","1: Безработный"
"resp_ses","Социально-экономический статус (сгруппированный)","2: Пенсионер"
"resp_ses","Социально-экономический статус (сгруппированный)","3: Рабочий"
"resp_ses","Социально-экономический статус (сгруппированный)","4: Руководитель"
"resp_ses","Социально-экономический статус (сгруппированный)","5: Служащий"
"resp_ses","Социально-экономический статус (сгруппированный)","6: Студент"
"crime_season","Время года, когда было совершено преступление","1: Весна"
"crime_season","Время года, когда было совершено преступление","2: Зима"
"crime_season","Время года, когда было совершено преступление","3: Лето"
"crime_season","Время года, когда было совершено преступление","4: Осень"
"crime_is_remote","Удалённое или киберпреступление?",""
"crime_is_property_damage","Был ли материальный ущерб?",""
"crime_is_violent_damage","Было ли физическое насилие?",""
"crime_is_seeking_medical_help","Нуждались ли в медицинской помощи?",""
"crime_is_property_acquisition","Имуществом завладел другой человек?",""
"crime_is_fraud","Жертву обманули или ввели в заблуждение?",""
"crime_is_offender_seen","Видела или разговаривала жертва с преступником?",""
"crime_is_threat","Поступали ли в адрес жертвы угрозы?",""
"crime_type","Тип преступления","1: Грабеж и разбой"
"crime_type","Тип преступления","2: Кража"
"crime_type","Тип преступления","3: Мошенничество"
"crime_type","Тип преступления","4: Нападение"
"crime_type","Тип преступления","5: Недостаточно информации"
"crime_type","Тип преступления","6: Покушение на киберпреступление"
"crime_type","Тип преступления","7: Прочее"
"crime_type","Тип преступления","8: Киберпреступление"
"crime_place","Место преступления","1: В автомобиле"
"crime_place","Место преступления","2: В закрытом учреждении (армия, больница, ИК и т.д.)"
"crime_place","Место преступления","3: В подъезде или во дворе"
"crime_place","Место преступления","4: Дача"
"crime_place","Место преступления","5: Дом или квартира знакомых или родственников"
"crime_place","Место преступления","6: Квартира или дом"
"crime_place","Место преступления","7: На природе, в лесу или парке"
"crime_place","Место преступления","8: На работе или на учебе (школа, университет, детский сад, техникум)"
"crime_place","Место преступления","9: На транспорте (в такси, на вокзале, в поезде, самолёте)"
"crime_place","Место преступления","10: На улице, дороге, парковке"
"crime_place","Место преступления","11: Невозможно сказать (напр., украли деньги с банковской карты)"
"crime_place","Место преступления","12: Общественные здания (магазины, кафе, банки, поликлиники)"
"crime_place_grouped","Место преступления (сгруппированное)","1: В подъезде или во дворе"
"crime_place_grouped","Место преступления (сгруппированное)","2: Квартира, дом, дача (в т.ч. в гостях)"
"crime_place_grouped","Место преступления (сгруппированное)","3: На работе, учебе, в закрытых учреждениях"
"crime_place_grouped","Место преступления (сгруппированное)","4: На транспорте (в автомобиле, поезде, на вокзале)"
"crime_place_grouped","Место преступления (сгруппированное)","5: На улице, дороге, парковке, на природе"
"crime_place_grouped","Место преступления (сгруппированное)","6: Невозможно сказать (напр., украли деньги с банковской карты)"
"crime_place_grouped","Место преступления (сгруппированное)","7: Общественные здания (магазины, кафе, банки, поликлиники)"
"crime_place_is_home","Было ли преступление совершено дома?",""
"crime_is_people_around","Были ли в момент преступления рядом другие люди?",""
"crime_is_daytime","Было ли преступление совершено днём?",""
"victim_is_reporting","Сообщила ли жертва в полицию?",""
"victim_is_self_accused","Обвиняет ли жертва себя в том, что преступление было совершено?",""
"victim_damage_physical","Был ли нанесён физический ущерб жертве, и какой?","1: Да, повреждения серьёзнее, чем синяки или ссадины"
"victim_damage_physical","Был ли нанесён физический ущерб жертве, и какой?","2: Да, синяки или ссадины"
"victim_damage_physical","Был ли нанесён физический ущерб жертве, и какой?","3: Нет"
"victim_damage_rub","Материальный ущерб, в рублях",""
"victim_damage_rub_lg","Материальный ущерб, в рублях (десятичный логарифм)",""
"victim_is_crime_case_initiated","Было ли возбуждено дело о преступлении?",""
"victim_is_repeat_contact_with_police","Готова ли жертва на повторный контакт с полицией?",""
"victim_is_offender_found","Известен ли кто-либо из виновных?",""
"victim_who_found_offender","Кем был найден преступник?","1: Затрудняюсь ответить / другое"
"victim_who_found_offender","Кем был найден преступник?","2: Знакомые, близкие, друзья, частные лица (частные охранные структуры), бандиты, криминальные авторитеты"
"victim_who_found_offender","Кем был найден преступник?","3: Правоохранительные органы"
"victim_who_found_offender","Кем был найден преступник?","4: Я сам, сама"
"victim_is_offender_punished","Получил ли наказание кто-либо из виновных?",""
"victim_is_went_to_court","Дошло ли дело до суда?",""
"victim_compensation","Добивалась ли жертва материальной компенсации, и какой?","1: Не добивался"
"victim_compensation","Добивалась ли жертва материальной компенсации, и какой?","2: Добивался, но ничего не удалось"
"victim_compensation","Добивалась ли жертва материальной компенсации, и какой?","3: Добился частичной"
"victim_compensation","Добивалась ли жертва материальной компенсации, и какой?","4: Добился полной компенсации"
"victim_compensation","Добивалась ли жертва материальной компенсации, и какой?","5: Затрудняюсь ответить"
"victim_is_compensated","Добилась ли жертва материальной компенсации?",""
"victim_is_reconciliation","Примирились ли Вы в суде с виновным?",""
"victim_is_told_anyone","Рассказала ли жертва близким о случившемся?",""
"offender_is_male","Преступник был мужского пола?",""
"offender_is_alone","Был ли преступник один?",""
"offender_is_familiar","Была ли знакома жертва с преступником?",""
"offender_is_drug_intoxicated","Был ли преступник в состоянии опьянения?",""
"offender_relationship","Отношения преступника и жертвы","1: Друг, подруга"
"offender_relationship","Отношения преступника и жертвы","2: Другой знакомый"
"offender_relationship","Отношения преступника и жертвы","3: Затрудняюсь ответить"
"offender_relationship","Отношения преступника и жертвы","4: Коллега"
"offender_relationship","Отношения преступника и жертвы","5: Незнакомец"
"offender_relationship","Отношения преступника и жертвы","6: Родственник"
"offender_relationship","Отношения преступника и жертвы","7: Сожитель"
"offender_relationship","Отношения преступника и жертвы","8: Сосед или соседка"
"offender_relationship","Отношения преступника и жертвы","9: Супруг или супруга"
"offender_relationship_grouped","Отношения преступника и жертвы (сгруппированные)","1: Дальние и случайные знакомые"
"offender_relationship_grouped","Отношения преступника и жертвы (сгруппированные)","2: Друзья и родственники"
"offender_relationship_grouped","Отношения преступника и жертвы (сгруппированные)","3: Коллега"
"offender_relationship_grouped","Отношения преступника и жертвы (сгруппированные)","4: Незнакомец"
"offender_relationship_grouped","Отношения преступника и жертвы (сгруппированные)","5: Сосед или соседка"
"offender_relationship_grouped","Отношения преступника и жертвы (сгруппированные)","6: Супруги и сожители"
"Q111","Согласие на повторное участие в опросе","1: Да"
"Q111","Согласие на повторное участие в опросе","2: Нет"
"deflator2024rub","Коэффициент-дефлятор для приведения монетарных показателей к ценам 2024 года",""
"weight (cross-section)","Пост-стратификационные веса",""
"contact_weight (panel)","Величина, обратно пропорциональная вероятности установления контакта (интервьюер успешно дозвонился до потенциального респондента)",""
"interview_weight (panel)","Величина, обратно пропорциональная вероятности кооперации респондента (вероятность успешного завершения полного интервью)",""
"attrition_weight (panel)","Комбинированный вес — произведение обратных вероятностей контакта и кооперации респондента",""
"crosssection2021_weight (panel)","Кросс-секционный вес базовой волны 2021 года",""
